{
 "scale_m_per_unit": 0.875387052898097,
 "rotation_deg": 42.6708984375,
 "width_m": 119.82696410242954,
 "height_m": 178.27012971212403,
 "vertices_m": [
  [
   119.83,
   163.74
  ],
  [
   107.54,
   164.52
  ],
  [
   108.0,
   178.27
  ],
  [
   67.8,
   178.0
  ],
  [
   68.0,
   155.42
  ],
  [
   53.69,
   146.71
  ],
  [
   41.05,
   112.89
  ],
  [
   0.0,
   93.23
  ],
  [
   0.0,
   83.0
  ],
  [
   33.8,
   54.93
  ],
  [
   34.16,
   23.37
  ],
  [
   0.94,
   4.1
  ],
  [
   0.94,
   4.1
  ],
  [
   0.06,
   0.0
  ],
  [
   117.87,
   0.84
  ],
  [
   119.83,
   163.74
  ]
 ]
}